City_ID,City,Lat,Lng,Max Temp,Humidity,Cloudiness,Wind Speed,Country,Date
0,adamstown,-25.066,-130.1015,24.97,75,0,2.49,PN,1739002892
1,west island,-12.1568,96.8225,29.99,74,75,9.26,CC,1739002894
2,manokwari,-0.8667,134.0833,24.25,93,100,3.01,ID,1739002895
3,edinburgh of the seven seas,-37.0676,-12.3116,15.91,73,100,7.53,SH,1739002896
4,port shepstone,-30.7414,30.455,25.68,79,91,6.69,ZA,1739002897
5,kingston,17.997,-76.7936,24.53,69,20,3.6,JM,1739002652
6,belmonte,-15.8631,-38.8828,23.64,87,99,1.79,BR,1739002900
7,wanganui,-39.9333,175.05,16.88,94,0,1.33,NZ,1739002901
8,marion,39.7684,-86.1555,1.27,69,100,3.6,US,1739002902
9,ushuaia,-54.8,-68.3,2.02,95,100,2.03,AR,1739002605
10,jamestown,42.097,-79.2353,-11.91,100,0,0.0,US,1739002782
11,longyearbyen,78.2186,15.6401,-3.09,80,100,10.8,SJ,1739002906
12,port-aux-francais,-49.35,70.2167,5.97,89,85,11.25,TF,1739002907
13,blackmans bay,-43.0167,147.3167,14.85,61,99,0.89,AU,1739002908
14,st. john's,47.5649,-52.7093,0.08,92,100,4.12,CA,1739002910
15,naliya,23.2667,68.8333,29.66,13,100,3.07,IN,1739002911
16,ilulissat,69.2167,-51.1,-19.99,54,1,6.69,GL,1739002913
17,isafjordur,66.0755,-23.124,-3.24,90,100,4.49,IS,1739002914
18,invercargill,-46.4,168.35,17.05,80,98,1.63,NZ,1739002916
19,thompson,55.7435,-97.8558,-25.91,84,0,1.54,CA,1739002917
20,chonchi,-42.6128,-73.8092,8.95,97,67,1.18,CL,1739002918
21,bilibino,68.0546,166.4372,-43.96,100,53,0.84,RU,1739002920
22,port alfred,-33.5906,26.891,25.66,80,0,3.58,ZA,1739002921
23,puerto baquerizo moreno,-0.9,-89.6,24.48,83,66,2.77,EC,1739002628
24,kirakira,-10.4544,161.9205,27.31,83,79,2.56,SB,1739002923
25,hadibu,12.65,54.0333,25.23,59,0,3.27,YE,1739002924
26,kargasok,59.0556,80.8572,-6.15,89,100,7.79,RU,1739002926
27,dhuusamarreeb,5.535,46.3861,30.48,36,75,5.41,SO,1739002927
28,queenstown,-31.8976,26.8753,27.92,47,0,7.42,ZA,1739002928
29,maputo,-25.9653,32.5892,29.74,54,0,2.4,MZ,1739002929
30,bethel,41.3712,-73.414,-4.64,62,100,0.89,US,1739002930
31,kiffa,16.6166,-11.4045,15.63,22,0,5.77,MR,1739002932
32,grytviken,-54.2811,-36.5092,2.32,83,96,6.78,GS,1739002933
33,isla vista,34.4133,-119.861,11.45,86,0,0.0,US,1739002934
34,ilha de mocambique,-15.0342,40.7358,29.14,75,44,5.21,MZ,1739002936
35,danane,7.2596,-8.155,20.14,49,3,0.65,CI,1739002937
36,caister-on-sea,52.6481,1.7265,4.4,83,100,5.76,GB,1739002938
37,solwezi,-12.1688,26.3894,18.48,95,100,2.0,ZM,1739002939
38,ruidoso,33.3317,-105.673,14.08,8,0,6.69,US,1739002940
39,college,64.8569,-147.8028,-17.03,85,40,1.54,US,1739002942
40,newman,37.3138,-121.0208,6.14,89,0,0.45,US,1739002943
41,bengkulu,-3.8004,102.2655,28.8,73,45,4.95,ID,1739002944
42,moroto,2.5345,34.6666,28.36,30,45,5.43,UG,1739002945
43,hamilton,39.1834,-84.5333,2.74,65,100,4.12,US,1739002657
44,hithadhoo,-0.6,73.0833,27.13,71,84,2.88,MV,1739002948
45,whitehorse,60.7161,-135.0538,-14.55,80,75,1.54,CA,1739002949
46,bredasdorp,-34.5322,20.0403,24.62,47,2,7.79,ZA,1739002950
47,waitangi,-43.9535,-176.5597,13.46,72,1,4.25,NZ,1739002951
48,yellowknife,62.456,-114.3525,-24.71,77,100,3.6,CA,1739002953
49,wailua homesteads,22.0669,-159.378,22.44,88,20,5.14,US,1739002954
50,puerto natales,-51.7236,-72.4875,4.65,92,14,2.67,CL,1739002955
51,newcastle,-32.9272,151.7765,25.99,75,53,4.63,AU,1739002956
52,talnakh,69.4865,88.3972,-11.7,92,100,11.76,RU,1739002958
53,sanctuary point,-35.1114,150.629,19.8,90,100,3.04,AU,1739002959
54,san julian,21.0167,-102.1667,11.95,46,0,3.13,MX,1739002960
55,castillos,-34.1667,-53.8333,16.67,96,2,2.27,UY,1739002961
56,guerrero negro,27.9769,-114.0611,15.2,95,2,7.22,MX,1739002962
57,papatowai,-46.5619,169.4708,16.56,83,71,2.46,NZ,1739002963
58,soanierana ivongo,-16.9167,49.5833,28.61,76,31,2.81,MG,1739002965
59,kodiak,57.79,-152.4072,0.73,80,75,1.54,US,1739002966
60,puerto ayora,-0.7393,-90.3518,23.08,96,37,2.53,EC,1739002967
61,port mathurin,-19.6833,63.4167,27.72,76,48,5.49,MU,1739002968
62,san patricio,28.017,-97.5169,21.97,89,0,7.26,US,1739002969
63,linping,30.4225,120.2972,2.97,19,0,5.31,CN,1739002970
64,badger,64.8,-147.5333,-17.07,78,0,1.54,US,1739002972
65,klyuchi,52.2667,79.1667,-14.74,90,83,1.01,RU,1739002973
66,khorixas,-20.3667,14.9667,26.24,49,22,2.23,NA,1739002974
67,rehoboth,-23.3167,17.0833,23.84,63,89,3.47,NA,1739002975
68,amahai,-3.3333,128.9167,31.39,65,37,0.93,ID,1739002976
69,cadale,2.7603,46.3222,27.2,70,21,5.71,SO,1739002978
70,ust-nera,64.5667,143.2,-39.39,99,81,1.72,RU,1739002979
71,udachny,66.4167,112.4,-17.98,94,100,7.16,RU,1739002980
72,natal,-5.795,-35.2094,23.12,94,75,1.54,BR,1739002695
73,lebu,-37.6167,-73.65,13.29,88,0,5.88,CL,1739002982
74,tiksi,71.6872,128.8694,-27.59,96,100,3.46,RU,1739002984
75,cidreira,-30.1811,-50.2056,23.97,67,0,4.84,BR,1739002985
76,albany,42.6001,-73.9662,-4.77,82,100,3.01,US,1739002943
77,ulladulla,-35.35,150.4667,18.77,92,100,0.63,AU,1739002987
78,mamusa,8.4383,-12.6044,21.75,79,29,0.28,SL,1739002988
79,lihue,21.9789,-159.3672,22.77,88,20,5.14,US,1739002989
80,punta arenas,-53.15,-70.9167,6.06,87,0,4.63,CL,1739002991
81,zeya,53.75,127.2667,-14.77,89,100,1.66,RU,1739002992
82,marbletown,41.8834,-74.1132,-5.48,68,100,0.89,US,1739002993
83,iqaluit,63.7506,-68.5145,-23.15,70,20,2.57,CA,1739002994
84,avarua,-21.2078,-159.775,26.03,94,40,1.03,CK,1739002995
85,toliara,-23.35,43.6667,29.22,69,91,0.91,MG,1739002998
86,rongelap,11.1635,166.8941,26.45,80,96,6.33,MH,1739002999
87,kourou,5.1552,-52.6478,23.89,92,100,2.7,GF,1739003001
88,saurimo,-9.6608,20.3916,21.28,85,98,0.82,AO,1739003003
89,flying fish cove,-10.4217,105.6791,28.82,83,75,4.63,CX,1739003004
90,egilsstadir,65.2653,-14.3948,-1.05,93,0,3.09,IS,1739003005
91,richards bay,-28.783,32.0377,29.14,63,21,4.95,ZA,1739003006
92,ribeira grande,38.5167,-28.7,14.87,88,75,18.33,PT,1739003007
93,springbok,-29.6643,17.8865,23.62,44,0,1.59,ZA,1739003009
94,penticton,49.4806,-119.5858,-9.4,79,75,3.09,CA,1739003010
95,feijo,-8.1642,-70.3536,21.64,99,100,1.07,BR,1739003011
96,atafu village,-8.5421,-172.5159,28.29,76,56,6.64,TK,1739003012
97,mutsu,41.2894,141.2169,0.35,65,5,3.76,JP,1739003013
98,jining,35.405,116.5814,0.02,8,18,3.64,CN,1739003014
99,chalatenango,14.0333,-88.9333,20.94,77,63,1.02,SV,1739003001
100,petropavlovsk-kamchatsky,53.0452,158.6483,-2.67,46,75,10.0,RU,1739003017
101,horta,38.5333,-28.6333,14.45,84,75,15.43,PT,1739003018
102,marsabit,2.3284,37.9899,24.47,41,87,7.28,KE,1739003019
103,los altos,37.3852,-122.1141,7.21,88,20,0.89,US,1739003020
104,margate,51.3813,1.3862,4.83,89,100,0.89,GB,1739002752
105,bardai,11.65,7.2333,23.37,19,4,7.22,NG,1739003023
106,acarau,-2.8856,-40.12,24.47,89,23,3.83,BR,1739003024
107,yatou,37.15,122.3833,-3.9,71,100,5.35,CN,1739003025
108,port elizabeth,-33.918,25.5701,26.29,76,0,3.13,ZA,1739003026
109,olonkinbyen,70.9221,-8.7187,-3.67,65,100,14.89,SJ,1739003027
110,nowy targ,49.4778,20.0323,-0.17,45,100,1.56,PL,1739003028
111,alesund,62.4723,6.1549,3.52,100,0,3.09,NO,1739003030
112,tiznit,29.5833,-9.5,9.14,42,0,0.23,MA,1739003031
113,kivioli,59.3531,26.9711,-3.35,89,7,3.69,EE,1739003032
114,sao jose dos campos,-23.1794,-45.8869,18.94,97,1,0.38,BR,1739002895
115,pago pago,-14.2781,-170.7025,28.55,79,40,1.54,AS,1739003034
116,kurchatov,51.6601,35.6521,-5.03,77,6,4.15,RU,1739003035
117,pudozh,61.8099,36.5345,-5.67,98,90,1.45,RU,1739003037
118,aver-o-mar,41.4078,-8.7812,5.31,93,0,3.6,PT,1739003038
119,karratha,-20.7377,116.8463,38.72,38,75,8.01,AU,1739003039
120,margaret river,-33.95,115.0667,25.39,67,59,3.9,AU,1739003041
121,melfort,52.8667,-104.6177,-17.93,71,22,3.09,CA,1739003043
122,port lincoln,-34.7333,135.8667,19.42,61,2,10.05,AU,1739003044
123,anadyr,64.75,177.4833,-19.72,83,40,1.0,RU,1739003045
124,charlottetown,46.2352,-63.1267,-6.71,67,40,5.66,CA,1739003048
125,choibalsan,48.0667,114.5,-17.74,67,0,2.97,MN,1739003049
126,sitka,57.0531,-135.33,0.94,69,100,2.06,US,1739003050
127,vadso,70.0744,29.7487,3.09,75,100,7.72,NO,1739003051
128,georgetown,5.4112,100.3354,31.97,49,20,5.66,MY,1739003052
129,nuuk,64.1835,-51.7216,-10.66,44,0,9.26,GL,1739003054
130,tura,25.5198,90.2201,26.48,17,0,2.97,IN,1739003055
131,campos dos goytacazes,-21.75,-41.3,22.01,97,63,0.89,BR,1739003056
132,hong kong,22.2855,114.1577,16.35,41,100,4.92,HK,1739003019
133,bodaybo,57.8506,114.1933,-26.4,94,54,0.31,RU,1739003059
134,mil'kovo,55.6078,37.7956,-3.54,59,6,2.0,RU,1739003061
135,ukiah,39.1502,-123.2078,2.98,87,0,0.0,US,1739003062
136,thunder bay,48.4001,-89.3168,-16.05,92,75,1.54,CA,1739003016
137,al 'amarah,31.8406,47.1396,15.6,39,0,3.72,IQ,1739003064
138,dukhan,25.4297,50.7858,16.04,49,0,7.48,QA,1739003065
139,christchurch,-43.5333,172.6333,17.73,84,15,5.14,NZ,1739002861
140,baiyin,36.5583,104.2081,-1.58,36,0,2.47,CN,1739003068
141,strezhevoy,60.7333,77.5889,-5.97,94,100,7.98,RU,1739003070
142,thayetmyo,19.3167,95.1833,36.08,16,6,2.94,MM,1739003071
143,kampung sungai ara,5.327,100.2735,31.96,51,20,5.66,MY,1739003072
144,yashan,22.1975,109.9419,13.25,50,100,3.68,CN,1739003074
145,tazovsky,67.4667,78.7,-2.92,95,100,10.84,RU,1739003075
146,hawaiian paradise park,19.5933,-154.9731,19.39,94,0,2.57,US,1739003076
147,alofi,-19.0595,-169.9187,24.94,94,74,0.51,NU,1739003077
148,stanley,54.868,-1.6985,2.01,86,75,2.06,GB,1739003078
149,lazaro cardenas,17.9583,-102.2,22.36,92,3,1.61,MX,1739003079
150,giado,31.9582,12.0203,10.07,81,100,5.53,LY,1739003081
151,vorgashor,67.5833,63.95,-0.13,81,100,14.38,RU,1739003082
152,kristiansund,63.1115,7.732,2.36,60,0,0.0,NO,1739003083
153,iwanai,42.9744,140.5089,-2.57,94,81,2.59,JP,1739003084
154,lompoc,34.6391,-120.4579,9.4,82,0,4.63,US,1739002921
155,portland,45.5234,-122.6762,4.69,85,100,3.09,US,1739002870
156,naze,28.3667,129.4833,7.51,66,100,7.69,JP,1739003088
157,gisborne,-38.6533,178.0042,16.12,82,13,2.5,NZ,1739003089
158,holualoa,19.6228,-155.9522,20.46,86,29,0.45,US,1739003090
159,gejiu,23.306,103.1635,6.47,88,100,2.98,CN,1739003091
160,ash shafa,21.0694,40.3119,13.24,41,0,3.36,SA,1739003092
161,balaipungut,1.05,101.2833,30.86,57,100,1.88,ID,1739003094
162,roma,43.2128,-75.4557,-6.92,73,100,3.6,US,1739002870
163,barrancabermeja,7.0653,-73.8547,27.18,78,100,1.54,CO,1739003096
164,valga,57.7778,26.0473,-1.67,82,8,0.89,EE,1739003097
165,abra pampa,-22.7205,-65.697,9.55,61,95,2.68,AR,1739003098
166,puerto aysen,-45.4,-72.7,8.36,100,100,2.1,CL,1739003100
167,qaqortoq,60.7167,-46.0333,-10.03,61,100,8.81,GL,1739003101
168,santa marta de ortigueira,43.6833,-7.85,5.14,84,11,3.09,ES,1739003102
169,dewas,22.9667,76.0667,27.86,25,64,0.71,IN,1739003104
170,taroudant,30.4703,-8.877,8.54,45,0,0.35,MA,1739003106
171,cabo san lucas,22.8909,-109.9124,17.09,49,1,2.9,MX,1739002963
172,port erin,54.0849,-4.751,3.93,75,100,7.2,IM,1739003108
173,leua,48.2156,18.6071,1.52,53,100,7.26,SK,1739003109
174,xiulin,29.7167,112.4,5.89,17,9,4.07,CN,1739003110
175,olinda,-8.0089,-34.8553,22.85,94,40,0.0,BR,1739003112
176,brindisi,40.5833,17.6667,11.35,75,38,4.33,IT,1739003113
177,mahriz,31.5917,54.4318,2.98,89,98,1.73,IR,1739003114
178,klaksvik,62.2266,-6.589,5.84,76,55,10.2,FO,1739003115
179,new norfolk,-42.7826,147.0587,15.51,52,52,2.94,AU,1739002864
180,wynyard,-41.0,145.7167,17.88,78,100,1.79,AU,1739003031
181,miresu mare,47.5,23.3333,1.2,59,100,2.4,RO,1739003120
182,nenjiang,49.1833,125.2167,-14.14,90,100,1.9,CN,1739003121
183,nyurba,63.2842,118.3319,-25.38,93,97,3.65,RU,1739003122
184,wuchuan,21.4571,110.7659,17.28,43,65,3.98,CN,1739003124
185,nagqu,31.5,92.0,1.01,6,52,10.56,CN,1739003125
186,phalaborwa,-23.943,31.1411,30.44,32,3,3.91,ZA,1739003126
187,pervomays'kyy,49.3874,36.2147,-5.06,69,6,6.38,UA,1739003127
188,opuwo,-18.0607,13.84,25.03,56,29,0.94,NA,1739003128
189,arawa,-6.2132,155.5367,26.75,86,100,1.12,PG,1739003129
190,chipinge,-20.1883,32.6236,18.57,98,100,1.79,ZW,1739003131
191,dalbandin,28.8947,64.4101,21.05,14,7,5.32,PK,1739003133
192,yaren,-0.5472,166.916,27.1,79,43,4.9,NR,1739003134
193,taloqan,36.7361,69.5345,15.97,21,59,1.1,AF,1739003135
194,warrnambool,-38.3833,142.4833,16.5,84,100,8.67,AU,1739003137
195,tofol,5.3248,163.0078,27.44,79,63,7.8,FM,1739003138
196,lensk,60.7253,114.9278,-22.45,89,63,2.05,RU,1739003139
197,mata-utu,-13.2816,-176.1745,28.69,77,21,6.61,WF,1739003140
198,saldanha,-33.0117,17.9442,19.6,70,73,4.18,ZA,1739003141
199,gadzhiyevo,69.2551,33.3362,-3.94,94,48,5.17,RU,1739003143
200,erdenet,49.0333,104.0833,-15.44,87,39,1.02,MN,1739003144
201,bairnsdale,-37.8333,147.6167,18.36,96,100,3.58,AU,1739003145
202,selfoss,63.9331,-20.9971,-1.87,86,97,2.41,IS,1739003146
203,camocim,-2.9022,-40.8411,24.09,91,100,3.8,BR,1739003147
204,dunedin,-45.8742,170.5036,16.0,94,87,1.79,NZ,1739003101
205,mana,5.6592,-53.7767,24.52,88,100,4.23,GF,1739003149
206,coxim,-18.5067,-54.76,21.77,93,98,2.19,BR,1739003151
207,keflavik,64.0049,-22.5624,0.24,100,100,6.17,IS,1739003152
208,ta`u,-14.2336,-169.5144,28.95,71,16,5.36,AS,1739003153
209,haenam,34.5711,126.5989,-0.17,66,100,8.01,KR,1739003154
210,oranjemund,-28.55,16.4333,19.79,81,99,5.68,NA,1739003157
211,new yekepa,7.5794,-8.5378,20.42,49,11,0.21,LR,1739003158
212,hilo,19.7297,-155.09,19.72,93,0,2.57,US,1739002925
213,villa gesell,-37.2639,-56.973,23.36,70,3,9.43,AR,1739003081
214,touros,-5.1989,-35.4608,24.23,84,78,4.42,BR,1739003161
215,presque isle,46.6811,-68.0159,-8.88,77,0,3.13,US,1739003163
216,lata,40.1629,-8.3327,4.49,93,4,0.82,PT,1739003164
217,paradip garh,20.3167,86.6167,27.87,28,1,4.48,IN,1739003165
218,uturoa,-16.7333,-151.4333,28.09,68,30,2.67,PF,1739003167
219,happy valley-goose bay,53.3168,-60.3315,-10.83,79,75,4.63,CA,1739003169
220,kapoeta,4.7717,33.5903,33.53,28,27,4.33,SS,1739003171
221,paita,-5.0892,-81.1144,23.31,81,88,3.22,PE,1739003172
222,colby,39.3958,-101.0524,-1.67,95,100,4.12,US,1739003173
223,igarka,67.4667,86.5833,-8.61,95,100,9.22,RU,1739003053
224,minas de marcona,-15.2119,-75.1103,18.09,88,100,3.24,PE,1739003176
225,hirara,24.8,125.2833,13.15,62,75,11.32,JP,1739003177
226,gongzhuling,43.5008,124.8198,-10.88,85,96,3.7,CN,1739003178
227,sault ste. marie,46.5168,-84.3333,-12.84,78,0,2.06,CA,1739003179
228,taber,49.8167,-112.1518,-15.4,87,24,4.69,CA,1739003180
229,port augusta,-32.5,137.7667,28.43,34,0,10.18,AU,1739003181
230,buncrana,55.1333,-7.45,0.87,73,83,2.64,IE,1739003183
231,gorur,12.8194,76.0717,29.77,24,6,5.89,IN,1739003184
232,port macquarie,-31.4333,152.9167,25.04,79,0,3.13,AU,1739003185
233,tsiombe,-25.3,45.4833,33.36,53,0,1.67,MG,1739003186
234,saipan,15.1355,145.701,27.39,89,75,3.09,MP,1739003101
235,kadinhani,38.2397,32.2114,-3.25,76,94,1.43,TR,1739003189
236,kiunga,-6.1219,141.2906,23.94,98,100,1.15,PG,1739003190
237,vilyuchinsk,52.9306,158.4028,-1.85,86,100,3.3,RU,1739003191
238,mar del plata,-38.0023,-57.5575,23.62,79,0,11.18,AR,1739002715
239,huandacareo,19.9833,-101.2833,12.67,44,0,0.38,MX,1739003193
240,batie,9.8833,-2.9167,26.15,12,1,1.89,BF,1739003194
241,pisco,-13.7,-76.2167,23.03,83,0,5.14,PE,1739003197
242,kapa'a,22.0752,-159.319,23.18,88,20,5.14,US,1739003198
243,turaif,31.6725,38.6637,5.14,52,40,7.2,SA,1739003199
244,peace river,56.2501,-117.286,-23.83,84,0,2.57,CA,1739002948
245,padang,-0.9492,100.3543,29.03,70,100,2.72,ID,1739003202
246,honefoss,60.168,10.2565,-4.62,97,100,1.92,NO,1739003203
247,crane,31.3974,-102.3501,18.39,67,0,4.17,US,1739003205
248,aykhal,66.0,111.5,-18.74,95,100,9.89,RU,1739003206
249,palu,-0.8917,119.8707,32.66,54,100,3.01,ID,1739003210
250,boali,4.8005,18.1275,30.02,46,51,2.46,CF,1739003211
251,mount gambier,-37.8333,140.7667,17.38,65,84,6.57,AU,1739003212
252,codrington,-38.2667,141.9667,16.37,80,100,8.39,AU,1739003214
253,mermoz boabab,14.7065,-17.4758,18.32,59,40,7.15,SN,1739003215
254,amga,60.8953,131.9608,-32.07,100,47,0.39,RU,1739003216
255,borovskiy,57.041,65.7202,-5.78,84,81,3.34,RU,1739003217
256,vila franca do campo,37.7167,-25.4333,15.23,86,81,11.67,PT,1739003220
257,laojunmiao,39.8333,97.7333,-4.76,42,100,3.65,CN,1739003221
258,borkum,53.5809,6.6915,1.34,82,100,10.81,DE,1739003222
259,nar'yan-mar,67.6713,53.087,2.35,93,98,8.73,RU,1739003223
260,nguigmi,14.2495,13.1092,23.29,20,38,7.68,NE,1739003224
261,vielha,42.6846,0.7726,-10.53,98,90,3.27,ES,1739003228
262,coulounieix,45.1529,0.6885,3.25,92,88,3.44,FR,1739003229
263,north ward,-19.2454,146.8075,24.95,94,75,4.12,AU,1739003230
264,bokovskaya,49.229,41.8306,-7.61,87,5,4.44,RU,1739003232
265,al khums,32.6486,14.2619,13.99,62,50,8.99,LY,1739003233
266,carnarvon,-24.8667,113.6333,28.21,70,6,10.45,AU,1739003235
267,paulden,34.8856,-112.4682,8.78,70,100,0.45,US,1739003236
268,choyr,46.3611,108.3611,-17.3,82,8,2.07,MN,1739003237
269,palmer,42.1584,-72.3287,-5.25,65,0,3.09,US,1739003239
270,whistler,50.1164,-122.9695,-8.57,98,100,1.07,CA,1739003240
271,kharp,66.8014,65.8081,-0.2,84,64,13.22,RU,1739003242
272,al jawf,29.5,38.75,9.08,48,11,5.02,SA,1739003243
273,sorong,-0.8833,131.25,28.3,76,100,3.74,ID,1739003245
274,tharangambadi,11.0319,79.8528,28.41,62,14,5.56,IN,1739003246
275,yoko,5.5333,12.3167,25.1,45,96,0.98,CM,1739003247
276,vanimo,-2.6741,141.3028,27.93,83,43,3.66,PG,1739003249
277,livingston,55.9029,-3.5226,2.71,98,40,3.09,GB,1739003250
278,urzhar,47.093,81.6294,-4.24,77,0,0.2,KZ,1739003251
279,brak,27.5496,14.2714,14.49,39,100,3.71,LY,1739003252
280,faya-largeau,17.9257,19.1043,21.94,17,12,9.77,TD,1739003255
281,bereket,39.2446,55.5154,-0.23,93,100,1.69,TM,1739003257
282,siwa oasis,29.2041,25.5195,13.6,49,5,4.09,EG,1739003258
283,rouyn-noranda,48.2398,-79.0288,-10.95,73,100,2.06,CA,1739003201
284,robertsport,6.7533,-11.3686,25.17,88,72,2.38,LR,1739003261
285,iskateley,67.6803,53.1512,2.37,93,96,8.64,RU,1739003262
286,cromwell,41.5951,-72.6454,-3.34,65,100,1.97,US,1739003263
287,narvik,68.4384,17.4272,1.26,88,80,3.61,NO,1739003265
288,ban nam yuen,9.8769,98.8659,31.4,50,26,4.37,TH,1739003266
289,khandyga,62.6667,135.6,-39.82,100,25,0.82,RU,1739003267
290,trinidad,-14.8333,-64.9,22.53,98,100,1.09,BO,1739003268
291,hermanus,-34.4187,19.2345,22.67,67,11,7.51,ZA,1739003270
292,fale old settlement,-9.3852,-171.2468,28.71,75,100,6.79,TK,1739003271
293,haiku-pauwela,20.9219,-156.3051,19.59,74,9,3.58,US,1739003272
294,isna,25.2934,32.554,15.49,38,0,7.94,EG,1739003273
295,prince rupert,54.3161,-130.3201,-0.17,64,4,6.17,CA,1739003275
296,rujewa,-8.7,34.3833,23.79,80,95,1.4,TZ,1739003276
297,hasaki,35.7333,140.8333,8.12,32,72,9.48,JP,1739003277
298,constantia,44.1833,28.65,-2.39,79,100,8.27,RO,1739003222
299,vail,32.0479,-110.712,12.66,29,19,0.89,US,1739003280
300,carolina,18.3808,-65.9574,22.47,87,26,3.52,PR,1739003212
301,susuman,62.7833,148.1667,-38.73,97,15,0.4,RU,1739003056
302,luau,-10.7073,22.2247,20.87,88,100,0.98,AO,1739003283
303,afaahiti,-17.75,-149.2833,26.6,72,30,3.9,PF,1739003284
304,paracale,14.2804,122.7881,24.16,94,100,5.72,PH,1739003286
305,kirillov,59.863,38.3813,-5.26,93,96,1.39,RU,1739003287
306,nadi,-17.8,177.4167,28.0,78,40,3.6,FJ,1739003288
307,anatuya,-28.4606,-62.8347,26.65,57,0,2.8,AR,1739003289
308,meadow lakes,61.6247,-149.6011,-12.74,87,0,0.0,US,1739003290
309,soldanesti,47.8153,28.7967,-1.93,62,8,4.2,MD,1739003292
310,arraial do cabo,-22.9661,-42.0278,22.98,95,3,5.25,BR,1739003293
311,porbandar,21.6422,69.6093,30.99,30,89,1.54,IN,1739003294
312,gorontalo,0.5412,123.0595,30.88,68,40,2.88,ID,1739003295
313,oulmes,33.4258,-6.0014,5.51,60,0,1.33,MA,1739003298
314,aasiaat,68.7098,-52.8699,-28.55,91,23,5.21,GL,1739003299
315,bilmak,47.3624,36.6511,-3.59,55,0,7.99,UA,1739003300
316,coquimbo,-29.9533,-71.3436,15.85,100,0,2.57,CL,1739003156
317,huanggang,23.677,116.9996,15.42,49,28,6.09,CN,1739003302
318,kill devil hills,36.0307,-75.676,9.01,70,100,6.69,US,1739003304
319,enewetak,11.3474,162.3373,26.97,72,79,6.96,MH,1739003305
320,anchorage,61.2181,-149.9003,-6.19,86,0,1.54,US,1739003100
321,ishigaki,24.3448,124.1572,12.07,71,75,9.77,JP,1739003307
322,ziro,27.6333,93.8333,13.56,48,97,0.96,IN,1739003309
323,bakchar,57.0186,82.0711,-8.0,91,100,4.79,RU,1739003311
324,kapuskasing,49.4169,-82.4331,-11.95,79,100,3.09,CA,1739003054
325,la passe,45.5549,-0.8967,5.9,80,87,3.3,FR,1739003313
326,mount pearl,47.5166,-52.7813,0.08,93,100,4.12,CA,1739003314
327,gusinoozyorsk,51.2833,106.5,-22.5,96,85,1.11,RU,1739003315
328,kununurra,-15.7667,128.7333,25.99,94,100,0.51,AU,1739003317
329,ban houayxay,20.2453,100.4547,30.38,38,91,2.34,LA,1739003318
330,kone,-21.0595,164.8658,23.26,91,100,0.95,NC,1739003319
331,an nuhud,12.7,28.4333,24.33,14,13,9.79,SD,1739003320
332,ulundi,-28.3352,31.4162,28.02,60,13,3.22,ZA,1739003321
333,masterton,-40.9597,175.6575,15.05,87,0,1.09,NZ,1739003323
334,usogorsk,63.4106,48.6872,-2.46,96,98,2.57,RU,1739003324
335,ujae,8.9322,165.7642,27.31,79,98,7.49,MH,1739003325
336,saint-pierre,-21.3393,55.4781,32.82,62,0,10.29,RE,1739003326
337,ceeldheer,3.8488,47.1806,29.65,55,20,6.57,SO,1739003327
338,hailey,43.5196,-114.3153,-6.08,73,100,0.0,US,1739003328
339,colonia general alfredo stroessner,-25.3667,-55.7,20.3,97,2,1.68,PY,1739003330
340,sinabang,2.4803,96.3801,28.59,76,100,2.24,ID,1739003331
341,villa regina,-39.1,-67.0667,24.43,20,0,1.34,AR,1739003332
342,kotido,2.9806,34.1331,29.63,29,45,5.64,UG,1739003333
343,tubarjal,30.4999,38.216,8.69,44,8,7.46,SA,1739003334
344,utrik,11.2278,169.8474,26.39,78,56,7.37,MH,1739003335
345,enriquillo,17.9,-71.2333,21.89,88,9,4.65,DO,1739003337
346,katsuren-haebaru,26.3369,127.8719,13.21,54,75,7.2,JP,1739003338
347,umm kaddadah,13.6017,26.6876,22.33,15,8,9.85,SD,1739003339
348,haimen,23.1935,116.6142,13.59,61,33,8.67,CN,1739003340
349,polessk,54.862,21.1028,-0.6,73,15,7.15,RU,1739003341
350,walvis bay,-22.9575,14.5053,19.6,80,99,2.94,NA,1739003343
351,inonu,37.3167,33.7667,-4.25,82,92,1.07,TR,1739003345
352,taltal,-25.4,-70.4833,18.87,88,5,2.2,CL,1739003346
353,akrehamn,59.2667,5.1833,3.14,56,75,5.14,NO,1739003348
354,ballito,-29.539,31.2144,28.01,70,48,6.22,ZA,1739003349
355,ar ruways,24.1103,52.7306,19.62,74,99,6.27,AE,1739003350
356,pacific grove,36.6177,-121.9166,8.94,91,3,0.45,US,1739003351
357,mogok,22.9167,96.5,24.69,24,0,1.95,MM,1739003352
358,menaka,15.9182,2.4022,24.33,13,6,5.06,ML,1739003354
359,kruisfontein,-34.0033,24.7314,25.76,58,0,10.29,ZA,1739003355
360,luderitz,-26.6481,15.1594,21.81,69,43,6.9,NA,1739003356
361,alo,6.5486,4.2686,28.62,79,95,2.41,NG,1739003357
362,saudarkrokur,65.7461,-19.6394,-5.76,81,11,6.86,IS,1739003358
363,tual,-5.6667,132.75,28.22,83,100,8.15,ID,1739003359
364,dadukou,26.5479,101.7054,19.96,35,0,2.02,CN,1739003361
365,tokar,18.4254,37.729,23.35,62,100,6.95,SD,1739003362
366,akureyri,65.6835,-18.0878,-4.04,80,0,2.57,IS,1739003363
367,geraldton,-28.7667,114.6,28.23,65,20,6.17,AU,1739003364
368,tionk essil,12.7856,-16.5217,21.32,20,86,3.44,SN,1739003365
369,port hedland,-20.3167,118.5667,36.03,59,100,6.69,AU,1739003366
370,zyryanovsk,49.7386,84.2719,-14.49,91,69,0.48,KZ,1739003368
371,bantay,17.5847,120.3892,26.2,57,16,11.85,PH,1739003369
372,pandan,14.0453,124.1694,25.4,90,100,5.99,PH,1739003370
373,saint-philippe,-21.3585,55.7679,29.06,77,24,5.44,RE,1739003371
374,manay,7.215,126.5397,27.71,74,78,3.55,PH,1739003372
375,saint-georges,12.0564,-61.7485,24.82,83,20,9.26,GD,1739003104
376,ciudad melchor muzquiz,27.8833,-101.5167,20.27,63,0,0.82,MX,1739003375
377,ete,7.05,7.45,27.28,71,76,1.81,NG,1739003376
378,sao vicente,-23.9631,-46.3919,24.99,26,77,1.69,BR,1739003377
379,troitsko-pechorsk,62.7084,56.1964,-2.15,89,53,2.45,RU,1739003378
380,okakarara,-20.5833,17.4333,27.68,42,4,5.32,NA,1739003379
381,chaplygin,53.2432,39.9629,-6.38,82,5,3.1,RU,1739003381
382,kavieng,-2.5744,150.7967,28.61,73,99,5.34,PG,1739003382
383,hammerfest,70.6634,23.6821,6.25,56,0,3.09,NO,1739003383
384,guilford,36.0668,-79.7998,10.69,46,99,0.45,US,1739003384
385,nikolayevsk-on-amure,53.1406,140.73,-17.29,93,100,1.81,RU,1739003385
386,nosy varika,-20.5833,48.5333,29.39,70,98,2.72,MG,1739003388
387,qamdo,31.1667,97.2333,3.27,16,99,5.91,CN,1739003389
388,verkhnevilyuysk,63.4453,120.3167,-26.39,92,17,2.52,RU,1739003390
389,mogadishu,2.0371,45.3438,27.93,74,0,6.17,SO,1739003139
390,fortuna,40.5982,-124.1573,1.86,95,0,2.04,US,1739003394
391,zacoalco de torres,20.2333,-103.5833,14.99,76,0,0.42,MX,1739003395
392,settat,33.0007,-7.6204,8.2,69,0,1.42,MA,1739003397
393,xichang,27.8964,102.2634,14.17,44,10,0.88,CN,1739003398
394,rikaze,29.25,88.8833,8.81,7,6,1.37,CN,1739003315
395,remire-montjoly,4.9167,-52.2667,26.02,89,75,1.54,GF,1739003401
396,preobrazheniye,42.9019,133.9064,-5.09,60,14,2.31,RU,1739003403
397,murwara,23.85,80.4,28.3,8,51,3.56,IN,1739003404
398,koulikoro,14.0,-7.75,23.01,18,80,5.34,ML,1739003405
399,port saint john's,-31.6229,29.5448,31.03,60,5,2.92,ZA,1739003406
400,bokoro,12.3807,17.0568,31.0,12,88,4.98,TD,1739003407
401,matai,-8.3,31.5167,16.54,93,100,0.24,TZ,1739003408
402,east london,-33.0153,27.9116,30.66,51,0,2.91,ZA,1739003410
403,paulista florida,-21.6,-51.2,21.97,77,98,2.18,BR,1739003411
404,nova sintra,14.8667,-24.7167,21.94,66,22,7.43,CV,1739003412
405,al qadarif,14.0349,35.3834,28.2,30,0,6.1,SD,1739003242
406,alice springs,-23.7,133.8833,37.75,17,20,7.72,AU,1739003414
407,sokhumi,43.0033,41.0153,8.07,72,96,2.01,GE,1739003219
408,timimoun,29.2639,0.231,6.21,56,0,2.06,DZ,1739003417
409,keita,14.7551,5.7749,27.7,12,0,8.86,NE,1739003418
410,hola,51.5377,23.1902,-1.02,58,100,6.02,PL,1739003419
411,masaka,-0.3338,31.7341,31.7,27,56,1.36,UG,1739003420
412,san antonio oeste,-40.7319,-64.9477,21.54,53,1,5.07,AR,1739003221
413,saint-joseph,-21.3667,55.6167,32.21,76,28,6.4,RE,1739003422
414,alotau,-10.3069,150.4462,25.98,91,82,2.31,PG,1739003424
415,kangding,30.0513,101.9603,4.74,68,100,1.55,CN,1739003425
416,severnoye,56.3491,78.3619,-7.0,94,100,6.24,RU,1739003426
417,arkhangel'sk,64.5401,40.5433,-2.94,100,100,3.0,RU,1739003427
418,borgo valsugana,46.0514,11.4544,5.67,75,51,0.17,IT,1739003428
419,ploudalmezeau,48.5333,-4.65,5.05,78,75,3.09,FR,1739003430
420,howrah,22.5892,88.3103,26.0,31,3,3.6,IN,1739003431
421,rengo,-34.4167,-70.8667,18.47,51,5,1.22,CL,1739003139
422,otan ayegbaju,7.9475,4.7871,28.86,60,55,1.95,NG,1739003433
423,terrace,54.5163,-128.6035,-10.05,85,0,4.12,CA,1739003434
424,spring creek,40.7266,-115.5859,-2.38,77,56,3.8,US,1739003432
425,male,4.1748,73.5089,31.97,66,40,8.23,MV,1739003437
426,todos santos,23.45,-110.2167,16.92,61,5,0.7,MX,1739003438
427,muisne,0.6,-80.0333,24.16,91,100,1.51,EC,1739003439
428,grand falls-windsor,48.9332,-55.6649,-4.72,75,22,1.34,CA,1739003440
429,taghazout,30.5426,-9.7112,15.09,39,0,0.64,MA,1739003441
430,hualien city,23.9769,121.6044,11.85,81,100,4.49,TW,1739003443
431,belgrade,44.804,20.4651,1.88,54,0,8.75,RS,1739002964
432,suva,-18.1416,178.4415,26.71,89,75,1.54,FJ,1739003445
433,nizhniy odes,63.6445,54.856,-0.68,93,48,4.05,RU,1739003446
434,suwalki,54.1118,22.9309,-1.33,62,6,5.93,PL,1739003447
435,socastee,33.6835,-78.9984,15.61,92,0,0.0,US,1739003448
436,zhob,31.3411,69.4481,15.62,24,79,1.35,PK,1739003450
437,polyarnyy,69.1989,33.4478,-3.86,93,59,4.91,RU,1739003451
438,youghal,51.95,-7.8506,0.36,91,57,2.81,IE,1739003310
439,yigo village,13.5361,144.8886,27.62,73,40,5.14,GU,1739003453
440,brush,40.2589,-103.6238,-2.43,100,100,7.72,US,1739003398
441,puerto santa,-8.9906,-78.6456,21.92,85,100,3.28,PE,1739003455
442,nemuro,43.3236,145.575,-1.48,75,97,12.25,JP,1739003457
443,uray,60.1247,64.7758,-2.26,87,52,5.04,RU,1739003458
444,borongan,11.6333,125.4333,26.38,81,82,3.1,PH,1739003459
445,sitia,35.2,26.0986,10.02,68,93,10.64,GR,1739003460
446,sandnessjoen,66.0217,12.6316,2.28,62,54,10.53,NO,1739003461
447,dawson creek,55.7666,-120.2362,-27.2,76,0,0.0,CA,1739003343
448,cockburn town,21.4612,-71.1419,24.97,74,6,8.17,TC,1739003464
449,talcahuano,-36.7167,-73.1167,13.82,82,0,2.57,CL,1739003465
450,sabang,5.8933,95.3214,27.95,76,5,8.62,ID,1739003466
451,ararat,39.8317,44.7049,3.27,43,100,2.43,AM,1739003468
452,reggane,26.7158,0.1714,14.57,39,0,6.37,DZ,1739003469
453,mahina,-17.5065,-149.489,25.87,78,0,1.03,PF,1739003470
454,can,40.0333,27.0524,1.13,92,100,5.32,TR,1739003471
455,bel ombre,-4.6167,55.4167,26.91,89,75,6.69,SC,1739003472
456,zvishavane,-20.3267,30.0665,23.31,70,100,3.5,ZW,1739003474
457,kulittalai,10.9167,78.4167,32.82,35,28,6.06,IN,1739003475
458,ardabil,38.2498,48.2933,-5.25,86,75,10.8,IR,1739003476
459,ranau,5.9538,116.6641,23.82,90,100,0.5,MY,1739003477
460,takanabe,32.1333,131.5,5.94,42,2,3.82,JP,1739003478
461,vila velha,-20.3297,-40.2925,21.97,100,0,1.03,BR,1739003254
462,san giovanni in fiore,39.2633,16.6996,3.92,96,100,2.29,IT,1739003481
463,mahibadhoo,3.7833,72.9667,27.67,74,16,6.32,MV,1739003482
464,vicam,27.6333,-110.2833,16.93,39,0,0.18,MX,1739003484
465,mikhaylov,54.2292,39.0186,-4.51,71,7,2.67,RU,1739003485
466,trairi,-3.2778,-39.2689,23.4,93,83,2.48,BR,1739003440
467,danjiangkou,32.5428,111.5086,3.8,23,100,2.69,CN,1739003488
468,tangalle,6.024,80.7911,30.69,50,71,5.56,LK,1739003489
469,maumere,-8.6199,122.2111,28.36,80,100,4.04,ID,1739003490
470,piti village,13.4626,144.6933,28.49,70,0,4.12,GU,1739003491
471,el calafate,-50.3408,-72.2768,5.41,79,23,3.32,AR,1739003492
472,tobelo,1.7284,128.0095,28.89,74,100,4.27,ID,1739003494
473,villa emilio carranza,19.9667,-96.6,22.23,84,0,2.43,MX,1739003495
474,aras-asan,8.8908,126.3033,27.16,81,90,2.51,PH,1739003496
475,tamazulapam villa del progreso,17.6806,-97.5689,9.83,95,3,2.99,MX,1739003497
476,lerwick,60.1545,-1.1494,5.17,76,89,9.18,GB,1739003498
477,urengoy,65.9667,78.3667,-2.5,94,100,10.92,RU,1739003499
478,kalmunai,7.4167,81.8167,28.16,65,85,6.86,LK,1739003501
479,atabey,37.9508,30.6386,2.79,67,80,5.07,TR,1739003502
480,sinop,41.7711,34.8709,0.38,89,100,1.77,TR,1739003503
481,kharabali,47.4196,47.2568,-1.46,43,0,6.86,RU,1739003504
482,midvagur,62.0511,-7.1939,5.46,75,75,6.69,FO,1739003505
483,bannockburn,56.0898,-3.9109,1.86,93,86,2.72,GB,1739003506
484,laurel,39.0993,-76.8483,0.33,72,0,0.0,US,1739003339
485,amos,48.5669,-78.1162,-25.12,100,97,1.64,CA,1739003509
486,segou,13.4317,-6.2157,24.15,18,8,5.73,ML,1739003510
487,carauari,-4.8828,-66.8958,21.44,100,90,1.08,BR,1739003511
488,shushtar,32.0455,48.8567,16.54,32,1,1.81,IR,1739003512
489,hudson,40.7168,-74.0663,-2.0,45,0,4.63,US,1739003514
490,mount isa,-20.7333,139.5,26.87,83,20,3.09,AU,1739003515
491,paramonga,-10.6667,-77.8333,22.04,87,88,1.81,PE,1739003516
492,basco,20.4487,121.9702,19.27,76,100,15.5,PH,1739003517
493,rio san juan,19.6439,-70.0763,23.27,82,71,3.78,DO,1739003518
494,dikili,39.071,26.8902,6.9,69,94,7.59,TR,1739003519
495,halabjah,35.1778,45.9861,6.97,41,100,1.83,IQ,1739003521
496,linden,6.0,-58.3,21.59,99,99,1.08,GY,1739003413
497,mbandaka,0.0487,18.2603,31.23,48,65,1.74,CD,1739003523
498,la'ie,21.6477,-157.9253,22.98,76,13,3.13,US,1739003524
499,lib,8.3122,167.3766,27.46,79,72,7.82,MH,1739003525
500,fort bragg,35.139,-79.006,13.91,46,100,3.6,US,1739003526
501,djougou,9.7085,1.666,30.0,12,15,2.47,BJ,1739003528
502,durban,-29.8579,31.0292,28.47,73,17,7.47,ZA,1739003409
503,kitimat,54.0524,-128.6534,-9.35,86,5,1.18,CA,1739003530
504,stephenville,32.2207,-98.2023,18.07,88,0,3.6,US,1739003531
505,sao jose da coroa grande,-8.8978,-35.1478,24.31,78,81,0.8,BR,1739003532
506,jiazi,22.8779,116.067,15.48,55,6,8.25,CN,1739003534
507,taoudenni,22.6783,-3.9836,15.84,28,0,8.45,ML,1739003535
508,chibougamau,49.9168,-74.3659,-16.21,85,100,3.6,CA,1739003536
509,gufeng,26.9083,118.9819,4.76,49,16,1.15,CN,1739003537
510,la ronge,55.1001,-105.2842,-23.86,84,20,1.54,CA,1739003538
511,brookings,44.3114,-96.7984,-4.9,81,100,5.66,US,1739003403
512,yanchep,-31.55,115.6833,30.33,45,0,4.54,AU,1739003541
513,new kingman-butler,35.265,-114.0323,10.94,71,0,3.6,US,1739003542
514,baglung,28.2719,83.5898,21.89,20,2,3.6,NP,1739003543
515,montepuez,-13.1256,38.9997,26.06,81,99,3.16,MZ,1739003544
516,fort st. john,56.2499,-120.8529,-24.06,77,0,2.57,CA,1739003545
517,morehead city,34.7229,-76.726,12.22,83,100,4.63,US,1739003546
518,abha,18.2164,42.5053,19.14,18,0,6.69,SA,1739003393
519,cabedelo,-6.9811,-34.8339,22.37,80,33,3.14,BR,1739003549
520,mendoza,-32.8908,-68.8272,26.74,65,0,2.57,AR,1739003165
521,benguela,-12.5763,13.4055,27.81,70,100,1.25,AO,1739003551
522,constitucion,-35.3333,-72.4167,15.58,63,10,2.71,CL,1739003552
523,nelson bay,-32.7167,152.15,26.16,80,48,5.36,AU,1739003554
524,novaya igirma,57.1334,103.9112,-15.31,92,100,2.12,RU,1739003555
525,pyhajarvi,67.0701,27.2176,-1.66,89,100,5.3,FI,1739003556
526,cueramaro,20.6167,-101.7167,9.77,56,0,1.63,MX,1739003557
527,alta,69.9689,23.2717,5.59,65,100,3.09,NO,1739003558
528,pudasjarvi,65.3833,26.9167,-1.92,90,100,4.18,FI,1739003559
529,glace bay,46.1969,-59.957,-4.75,75,75,5.36,CA,1739003561
530,sale,34.0389,-6.8166,11.38,93,75,3.09,MA,1739003562
531,carupano,10.6678,-63.2585,23.11,90,100,3.18,VE,1739003563
532,namibe,-15.1961,12.1522,26.01,74,100,0.73,AO,1739003565
533,ciudad lazaro cardenas,17.9583,-102.2,22.36,92,3,1.61,MX,1739003394
534,carutapera,-1.195,-46.02,23.85,95,83,1.54,BR,1739003568
535,selibaby,15.159,-12.1829,21.82,16,1,8.11,MR,1739003569
536,floro,61.5996,5.0328,3.98,56,40,7.2,NO,1739003570
537,villarrica,-25.75,-56.4333,21.37,93,0,1.16,PY,1739003571
538,wajir,1.7471,40.0573,29.98,48,0,3.6,KE,1739003572
539,harstad,68.799,16.5293,3.42,65,90,3.64,NO,1739003574
540,beau vallon,-20.4189,57.6953,29.13,79,75,4.63,MU,1739003575
541,sirte,31.2089,16.5887,16.25,44,53,9.34,LY,1739003576
542,nuporanga,-20.7308,-47.7306,17.89,86,0,2.23,BR,1739003577
543,willowmore,-33.2926,23.4895,31.36,37,34,6.44,ZA,1739003578
544,marovoay,-16.1,46.6333,32.66,60,97,0.62,MG,1739003579
545,wyndham,37.6985,-77.6125,4.88,66,100,0.89,US,1739003580
546,fort william,56.8165,-5.1121,1.84,84,7,1.57,GB,1739003388
547,kapadvanj,23.0167,73.0667,31.9,18,63,3.29,IN,1739003583
548,inhambane,-23.865,35.3833,29.99,74,75,2.57,MZ,1739003584
549,puerto deseado,-47.7503,-65.8938,9.65,71,7,13.0,AR,1739003585
550,sutherlin,43.3901,-123.3126,1.54,23,40,0.0,US,1739003586
551,diamante,-32.0664,-60.6384,22.86,41,0,3.94,AR,1739003587
552,dudinka,69.4058,86.1778,-10.03,93,100,13.14,RU,1739003589
553,hangu,39.2489,117.7892,-3.3,17,0,4.79,CN,1739003590
554,kamina,-8.7386,24.9906,22.92,82,85,2.0,CD,1739003591
555,ocean shores,46.9737,-124.1563,2.79,92,100,3.6,US,1739003592
556,westport,41.1415,-73.3579,-2.77,57,0,3.6,US,1739003407
557,howard springs,-12.497,131.047,28.95,94,100,5.01,AU,1739003594
558,nova granada,-20.5339,-49.3142,19.78,93,69,2.31,BR,1739003596
559,revda,56.801,59.9303,-5.52,91,96,5.15,RU,1739003597
560,babu,24.4167,111.5167,10.5,44,100,2.3,CN,1739003598
